iso3,iso2,country,region,income_level,lat,lon,cooling_degree_days_65f_2021_2023,water_stress_pct_latest,worldrisk_index_2025,political_stability_score_0_100_avg_3y,electricity_business_usd_kwh,renewable_share_pct,internet_penetration_pct_clean,heating_degree_days_proxy,avg_mean_temp_c_2021_2023,total_data_centers,n_valid_norms,norm_cooling,norm_water,norm_risk,norm_stability,norm_electricity,norm_renewables,norm_internet,norm_hdd,score_equal_balanced,score_cost,score_sustainability,score_resilience
ABW,AW,Aruba,Latin America & Caribbean ,High income,12.5167,-70.0167,5656.003333333334,,,88.68333333333334,0.316,17.0,,0.0,26.94333333333333,0,5,0.2288158548967527,,,0.9407982363477699,0.25369458128078815,0.17,,0.0,0.3186617345050622,0.24281013848777264,0.1209539637241882,
AFG,AF,Afghanistan,"Middle East, North Africa, Afghanistan & Pakistan",Low income,34.5228,69.1761,2062.0400000000004,54.75701944,3.7,25.77333333333333,0.092,86.87,18.0,1520.833333333333,13.833333333333334,2,8,0.7188451878737636,0.9857862710678399,0.9241052177662785,0.07399072245441601,0.8054187192118226,0.8687,0.1691995947315096,0.11866337573571292,0.5830886361051679,0.6478741583474393,0.6371353045090346,0.5178210153332908
AGO,AO,Angola,Sub-Saharan Africa ,Lower middle income,-8.81155,13.242,2828.4,1.871883289,10.83,57.76666666666667,0.013,73.7,61.9,0.0,22.55333333333333,4,8,0.6143536155371152,0.9995209842526398,0.7703751617076326,0.5148119230239288,1.0,0.737,0.6139817629179332,0.0,0.6562554309299062,0.787820118021577,0.543874919957951,0.6868823997369322
ALB,AL,Albania,Europe & Central Asia,Upper middle income,41.3317,19.8172,891.8333333333334,4.789663462,5.91,66.21666666666665,0.136,100.0,86.0,1698.466666666667,13.346666666666666,3,8,0.8784004028625786,0.9987632122824963,0.8764553686934023,0.631240527258531,0.6970443349753694,1.0,0.8581560283687943,0.13252325802164425,0.759072891557852,0.7927412974145777,0.7151897004355082,0.794885674625357
AND,AD,Andorra,Europe & Central Asia,High income,42.5075,1.5218,36.836666666666666,,0.29,,0.176,,95.5,4171.95,6.57,1,5,0.9949773980640417,,0.9976282880551962,,0.5985221674876848,,0.9544072948328267,0.32551737231820776,0.7742105041515915,0.8084585236584382,0.5933013826165414,0.9880236228946697
ARE,AE,United Arab Emirates,"Middle East, North Africa, Afghanistan & Pakistan",High income,24.4764,54.3705,7038.446666666667,1509.933333,5.97,79.87333333333333,,8.81,99.0,0.0,29.00333333333333,31,7,0.04032261729782105,0.6078647839604799,0.8751617076326003,0.8194093602167821,,0.08810000000000001,0.9898682877406282,0.0,0.4886752509783302,0.3856119520042964,0.1560674802516602,0.8242368881262577
ARG,AR,Argentina,Latin America & Caribbean ,Upper middle income,-34.6118,-58.4173,1398.33,10.45666408,15.72,65.13666666666667,0.094,34.37,87.4,1009.833333333333,15.233333333333334,34,8,0.8093406488523598,0.9972914447165762,0.6649417852522639,0.6163597115693749,0.8004926108374384,0.34369999999999995,0.8723404255319149,0.07879248148851337,0.6479073885310551,0.8179589870815562,0.48807416316034125,0.7161012687267203
ARM,AM,Armenia,Europe & Central Asia,Upper middle income,40.1596,44.509,332.86,61.97296752,1.91,56.89333333333334,0.109,31.9,75.9,3698.6666666666665,7.866666666666667,6,8,0.9546152398768506,0.9839122288614961,0.9626994394135403,0.5027786708308456,0.7635467980295566,0.319,0.7558257345491388,0.2885893297892539,0.6913709301688352,0.8288765399800259,0.5699822926844456,0.7612256799112156
ASM,AS,American Samoa,East Asia & Pacific,High income,-14.2846,-170.691,5573.009999999999,,,87.25,,5.56,,0.0,26.816666666666663,0,4,0.24013182114428622,,,0.9210490056491983,,0.0556,,0.0,,,0.08088295528607155,
ATG,AG,Antigua and Barbuda,Latin America & Caribbean ,High income,17.1175,-61.8456,5307.259999999999,8.461538462,3.8,84.29333333333334,,8.11,78.0,0.0,26.41,1,7,0.2763662740756295,0.9978095955643425,0.9219491159982751,0.8803104762779589,,0.08109999999999999,0.7771023302938197,0.0,0.5620911131728609,0.4584521127004259,0.2791651739279944,0.9021880534746132
AUS,AU,Australia,East Asia & Pacific,High income,-35.282,149.129,3454.24,4.672295939,21.9,80.81,0.24,35.07,96.0,0.0,22.076666666666668,314,8,0.5290216493186697,0.9987936936120898,0.5316946959896507,0.8323152528360813,0.4408866995073891,0.3507,0.9594731509625126,0.0,0.5803606427782992,0.575451222232362,0.4107730685861519,0.7647856138688751
AUT,AT,Austria,Europe & Central Asia,High income,48.2201,16.3798,210.43,8.676429953,1.31,76.10666666666667,0.292,86.22,91.2,3721.783333333333,7.803333333333334,68,8,0.9713083125857287,0.9977537864427338,0.9756360500215611,0.7675102190786753,0.312807881773399,0.8622,0.9108409321175279,0.2903930131004367,0.7610562743900078,0.6628896426265403,0.7395903237358235,0.8892238663171794
AZE,AZ,Azerbaijan,Europe & Central Asia,Upper middle income,40.3834,49.8932,1321.1333333333334,57.52704791,2.4,59.73,0.064,11.75,79.8,1692.383333333334,13.363333333333332,3,8,0.8198662518054733,0.9850668714535409,0.9521345407503234,0.5418637762366233,0.874384236453202,0.1175,0.795339412360689,0.1320486045187014,0.6522754616973192,0.8394939770079943,0.4358512060074133,0.7772865717113626
BDI,BI,Burundi,Sub-Saharan Africa ,Low income,-3.3784,29.3639,1790.46,10.19286754,3.04,43.45,,75.51,10.0,0.0,21.023333333333333,2,7,0.7558745490293394,0.9973599548893721,0.9383354894351014,0.31754925825563773,,0.7551000000000001,0.08814589665653494,0.0,0.5503378783237123,0.5130641299846831,0.5771769007837424,0.6138557075035999
BEL,BE,Belgium,Europe & Central Asia,High income,50.8371,4.36761,202.54,52.82574225,5.8,69.12666666666667,0.262,35.23,96.0,2542.833333333334,11.033333333333331,32,8,0.9723840974723827,0.9862878399436249,0.8788270806382061,0.67133605842098,0.3866995073891625,0.35229999999999995,0.9594731509625126,0.1984051642301121,0.6757141123821226,0.7062438426329596,0.5569459367522351,0.8200143926795591
BEN,BJ,Benin,Sub-Saharan Africa ,Lower middle income,6.4779,2.6323,6395.783333333333,0.975243811,1.62,59.34666666666666,,3.96,32.0,0.0,28.066666666666663,4,7,0.1279484095927108,0.9997538490414405,0.9689521345407504,0.5365820052358423,,0.039599999999999996,0.3110435663627153,0.0,0.4262685663962084,0.19452846659998518,0.23742045172683027,0.7348334831760872
BFA,BF,Burkina Faso,Sub-Saharan Africa ,Low income,12.3605,-1.53395,7080.466666666667,7.820267686,2.04,33.04333333333333,0.214,17.17,34.0,0.0,29.11,3,8,0.03459327877599583,0.9979761389605248,0.9598965071151359,0.17416065769531067,0.5049261083743842,0.17170000000000002,0.331306990881459,0.0,0.39681996022535126,0.30558579451636325,0.25802388354730416,0.5884551605006465
BGD,BD,Bangladesh,South Asia,Lower middle income,23.7055,90.4113,5042.246666666667,5.723339482,26.71,45.42666666666667,0.1,1.89,75.0,0.0,25.906666666666663,20,8,0.31250028405811325,0.9985207287932677,0.4279862009486848,0.34478482524227255,0.7857142857142857,0.0189,0.7467071935157041,0.0,0.45438918978404097,0.612287966694909,0.2678742025702762,0.5121579290995093
BGR,BG,Bulgaria,Europe & Central Asia,High income,42.7105,23.3238,812.0966666666667,40.23530092,2.23,69.77666666666666,0.146,29.91,88.0,2089.016666666667,12.276666666666666,27,8,0.8892723294674161,0.9895576831003836,0.9557999137559293,0.6802921049005647,0.6724137931034483,0.2991,0.878419452887538,0.1629960129105753,0.6909814112657319,0.7895154127876549,0.5143948063867325,0.8429224095286125
BHR,BH,Bahrain,"Middle East, North Africa, Afghanistan & Pakistan",High income,26.1921,50.5354,5745.81,133.7068966,0.87,58.723333333333336,0.077,0.26,98.0,0.0,26.97666666666667,5,8,0.21657090499551412,0.9652823261470649,0.9851228978007762,0.5279933863041382,0.8423645320197044,0.0026,0.9797365754812564,0.0,0.5649588278435568,0.6508111712535483,0.23715064622851584,0.7987563752221123
BHS,BS,"Bahamas, The",Latin America & Caribbean ,High income,25.0661,-77.339,5025.306666666666,,4.44,82.76333333333334,0.371,0.89,95.0,0.0,25.98,3,7,0.3148100173889016,,0.908150064683053,0.8592293207183208,0.11822660098522164,0.0089,0.9493414387031408,0.0,0.4512367774969483,0.3532537642700935,0.0820400043472254,0.8899745821137777
BIH,BA,Bosnia and Herzegovina,Europe & Central Asia,Upper middle income,43.8607,18.4214,568.94,2.071713147,2.49,60.49333333333333,,40.35,87.0,2404.1333333333337,11.413333333333332,2,7,0.922426228971746,0.9994690867633802,0.9501940491591203,0.5523813897946998,,0.4035,0.8682877406281662,0.18758306436301506,0.6976916513828754,0.9027395059377168,0.5617039824559298,0.7902696102008957
BLR,BY,Belarus,Europe & Central Asia,Upper middle income,53.9678,27.5766,335.3433333333333,4.660514173,0.72,58.0,0.11,3.08,91.0,3640.266666666667,8.026666666666666,6,8,0.9542766426058082,0.9987967534354844,0.9883570504527813,0.5180269140678821,0.7610837438423645,0.0308,0.9088145896656535,0.28403265616100254,0.6805235437788721,0.8582474275742277,0.48506447605655933,0.7938367052675144
BLZ,BZ,Belize,Latin America & Caribbean ,Upper middle income,17.2534,-88.7713,5206.79,1.260294485,7.31,79.04666666666667,0.173,87.23,50.0,0.0,26.256666666666664,1,8,0.2900651470239345,0.9996798189918753,0.846269943941354,0.8080191062324896,0.6059113300492611,0.8723000000000001,0.49341438703140833,0.0,0.6144574666587903,0.4728657773868262,0.519638993203162,0.8186955344243918
BMU,BM,Bermuda,North America,High income,32.3293,-64.706,2727.7433333333333,,,82.56333333333333,0.268,1.64,,0.0,22.33333333333333,0,5,0.6280779400923712,,,0.8564736141092177,0.3719211822660098,0.016399999999999998,,0.0,0.3745745472935197,0.4839897638150429,0.1631694850230928,
BOL,BO,Bolivia,Latin America & Caribbean ,Lower middle income,-13.9908,-66.1936,3262.083333333333,0.202979589,3.13,60.16333333333333,,34.0,75.0,0.0,20.81,3,7,0.5552218062096468,0.999954412533643,0.9363949978438982,0.5478344738896798,,0.34,0.7467071935157041,0.0,0.5894446977132246,0.6248528561391221,0.41303524374865797,0.7715359200328531
BRA,BR,Brazil,Latin America & Caribbean ,Upper middle income,-15.7801,-47.9292,4545.54,1.495816821,13.8,57.59333333333333,0.131,87.33,82.0,0.0,25.11,196,8,0.3802251921823572,0.9996186518668756,0.7063389391979301,0.512423643962706,0.7093596059113301,0.8733,0.817629179331307,0.0,0.6248619015565633,0.615816475790185,0.5379587688098466,0.68389380201752
BRB,BB,Barbados,Latin America & Caribbean ,High income,13.0935,-59.6105,5436.14,87.5,2.89,87.28000000000002,0.329,9.01,80.0,0.0,26.61,3,8,0.2587937574480037,0.9772826445380143,0.9415696420871065,0.9214623616405642,0.2216748768472906,0.0901,0.7973657548125633,0.0,0.5260311296716929,0.34980466065059473,0.27424528039720364,0.9244632915486714
BRN,BN,Brunei Darussalam,East Asia & Pacific,High income,4.94199,114.946,5464.186666666666,3.466465712,1.31,87.04,,0.18,97.0,0.0,26.646666666666665,1,7,0.2549696535036411,0.9991068578302951,0.9756360500215611,0.9181555137096404,,0.0018,0.9696048632218845,0.0,0.5884675626124317,0.5148370024920933,0.25135530226678726,0.9555613379881353
BTN,BT,Bhutan,South Asia,Lower middle income,27.5768,89.6177,418.3133333333333,1.413807531,1.11,88.71666666666665,0.019,100.0,88.4,2834.8333333333335,10.233333333333333,3,8,0.9429638578091438,0.9996399503669574,0.9799482535575679,0.9412575207826205,0.9852216748768473,1.0,0.8824721377912867,0.22118853237136893,0.8690864909444741,0.9498815314860389,0.7548773213466309,0.9576781033923693
BWA,BW,Botswana,Sub-Saharan Africa ,Upper middle income,-24.6544,25.9201,2927.7666666666664,2.230009819,1.25,83.68666666666667,0.116,0.29,82.0,0.0,21.996666666666663,5,8,0.6008051797656089,0.9994279757906899,0.976929711082363,0.8719514995636797,0.7463054187192117,0.0029,0.817629179331307,0.0,0.6269936205316076,0.7096450872078699,0.32091663111125973,0.9223831130060332
CAF,CF,Central African Republic,Sub-Saharan Africa ,Low income,5.63056,21.6407,5454.34,0.335648148,3.41,33.95333333333333,,,,0.0,26.633333333333336,0,5,0.25631222577029744,0.9999199573967346,0.9303579128934886,0.18669912276672945,,,,0.0,0.47465784376545006,,0.3589234809048663,0.6114365691432477
CAN,CA,Canada,North America,High income,45.4215,-75.6919,79.61,3.720700309,19.88,75.76,0.107,64.27,96.0,7553.0666666666675,-2.6933333333333334,336,8,0.9891453441284507,0.9990408309742522,0.5752479517033204,0.7627336609562302,0.7684729064039408,0.6426999999999999,0.9594731509625126,0.5893297892538448,0.785767954297819,0.8839083085192336,0.767246171796694,0.7522336872210433
CHE,CH,Switzerland,Europe & Central Asia,High income,46.948,7.44821,126.73666666666668,6.498855835,1.23,82.96,0.286,67.45,97.0,4185.333333333333,6.533333333333334,121,8,0.9827197223593276,0.9983193206953824,0.9773609314359638,0.8619390988839386,0.3275862068965517,0.6745,0.9696048632218845,0.326561610024682,0.7648239691897163,0.6852866685735899,0.6965262916183466,0.9335603499826586
CHI,JG,Channel Islands,Europe & Central Asia,High income,,,,,,,,,,,,0,0,,,,,,,,,,,,
CHL,CL,Chile,Latin America & Caribbean ,High income,-33.475,-70.6475,92.82666666666664,8.982121089,14.27,67.06,0.161,70.04,92.0,3214.433333333334,9.193333333333332,31,8,0.9873432794577354,0.997674395892162,0.696205260888314,0.6428604234602489,0.6354679802955665,0.7004,0.9189463019250254,0.2508069109550029,0.7287130691092569,0.8153199993282174,0.6823656083564804,0.7423618002713364
CHN,CN,China,East Asia & Pacific,Upper middle income,40.0495,116.286,1056.8033333333333,41.5185288,30.62,62.60999999999999,0.097,33.7,76.0,3690.1499999999996,7.890000000000001,449,8,0.8559070907267979,0.989224418062884,0.34368262181974996,0.5815459514077066,0.7931034482758621,0.337,0.756838905775076,0.2879248148851339,0.6181534063691513,0.8078318146335324,0.5565037462234765,0.5769748514869353
CIV,CI,Cote d'Ivoire,Sub-Saharan Africa ,Lower middle income,5.332,-4.0305,5554.126666666667,5.087565674,1.86,52.52666666666666,,28.92,38.0,0.0,26.790000000000003,5,7,0.24270652388315161,0.9986858445807804,0.963777490297542,0.4426124098654295,,0.2892,0.3718338399189463,0.0,0.47268801550655004,0.2896619115325315,0.3350384736927864,0.7013533462293232
CMR,CM,Cameroon,Sub-Saharan Africa ,Lower middle income,3.8721,11.5174,4385.786666666667,1.560430108,11.19,38.21,0.177,73.14,40.0,0.0,25.01,2,8,0.40200722280245826,0.9996018712546003,0.7626131953428202,0.24534974509713867,0.5960591133004927,0.7314,0.39209726443769,0.0,0.5161410515294,0.4873485818536201,0.4997418188114117,0.5542045235408015
COD,CD,"Congo, Dem. Rep.",Sub-Saharan Africa ,Low income,-4.325,15.3222,4240.803333333333,0.226883505,9.68,32.04,,100.0,25.0,0.0,24.776666666666667,2,7,0.42177539502257466,0.9999482044862757,0.7951703320396722,0.1603361962063106,,1.0,0.24012158054711244,0.0,0.5167645297574208,0.35571946248604286,0.5843447199017701,0.5164484834240621
COG,CG,"Congo, Rep.",Sub-Saharan Africa ,Lower middle income,-4.2767,15.2662,4531.696666666666,0.027446301,4.28,62.46333333333333,,20.88,30.0,0.0,25.23,2,7,0.38211270153355037,1.0,0.9115998275118585,0.5795250998943645,,0.20879999999999999,0.2907801418439716,0.0,0.4818311101119636,0.34890086164643075,0.33906254030671007,0.7299479937712935
COL,CO,Colombia,Latin America & Caribbean ,Upper middle income,4.60987,-74.082,4112.34,3.632281437,39.26,51.20666666666667,0.202,61.35,92.0,0.0,24.23333333333333,31,8,0.43929110002754224,0.9990637940965098,0.15739542906425197,0.42442474624534976,0.5344827586206896,0.6135,0.9189463019250254,0.0,0.5108880162474211,0.5780583867739552,0.47172097882481046,0.4666124979776071
COM,KM,Comoros,Sub-Saharan Africa ,Lower middle income,-11.6986,43.2418,4689.5633333333335,0.833333333,2.69,60.36666666666667,,,27.0,0.0,25.47,1,6,0.360587913940845,0.9997907043821866,0.9458818456231134,0.5506361089422679,,,0.2603850050658561,0.0,0.5195469296590448,0.3241504925317581,0.388679605235152,0.7273201957089105
CPV,CV,Cabo Verde,Sub-Saharan Africa ,Upper middle income,14.9218,-23.5087,3410.853333333334,59.68371,1.16,79.98333333333333,,30.76,72.0,0.0,23.526666666666667,1,7,0.5349373299628133,0.9845067682298656,0.9788702026735662,0.8209249988517888,,0.30760000000000004,0.7163120567375887,0.0,0.6204501937793747,0.6008917760627316,0.3961688196385358,0.8902817913847024
CRI,CR,Costa Rica,Latin America & Caribbean ,High income,9.63701,-84.0089,3307.873333333333,5.881962457,11.32,85.85666666666667,0.23,99.92,95.0,0.0,23.236666666666668,10,8,0.548978436126011,0.9984795330769529,0.7598102630444157,0.9018509162724475,0.4655172413793103,0.9992,0.9493414387031408,0.0,0.7028972285752848,0.5914934990054216,0.6092515938405928,0.8713800324063815
CUB,CU,Cuba,Latin America & Caribbean ,Upper middle income,23.1333,-82.3667,5057.84,23.93944607,6.92,72.97333333333334,,4.02,68.0,0.0,26.026666666666667,1,7,0.31037416589175615,0.9937898532100875,0.8546787408365675,0.7243374822027282,,0.04019999999999999,0.6757852077001013,0.0,0.514166492834463,0.44325090836751796,0.27289280382036873,0.8055195509254132
CUW,CW,Curacao,Latin America & Caribbean ,High income,,,5621.063333333333,,,,,,,0.0,26.89,0,2,0.23357985032637152,,,,,,,0.0,,,0.09343194013054862,
CYM,KY,Cayman Islands,Latin America & Caribbean ,High income,19.3022,-81.3857,5882.256666666665,,,90.91333333333334,0.368,4.23,,0.0,27.286666666666665,0,5,0.1979666893004174,,,0.9715243650392689,0.12561576354679804,0.042300000000000004,,0.0,0.2674813635772969,0.15726929356400648,0.06535417232510435,
CYP,CY,Cyprus,Europe & Central Asia,High income,35.1676,33.3736,2471.2233333333334,30.48113723,3.36,72.50333333333333,0.305,24.01,95.0,0.0,20.216666666666665,2,8,0.663053901958592,0.9920909211780398,0.9314359637774903,0.7178615716713359,0.28078817733990147,0.2401,0.9493414387031408,0.0,0.5968339968285625,0.548291833229091,0.4030589646273264,0.856894998037676
CZE,CZ,Czechia,Europe & Central Asia,High income,50.0878,14.4205,267.36,21.97384428,1.17,83.19333333333334,0.229,16.89,92.0,3160.9,9.34,36,8,0.9635460269587057,0.9943003364722294,0.9786545924967659,0.8651540899278923,0.46798029556650245,0.1689,0.9189463019250254,0.2466299601291058,0.7005139504345284,0.7316215028254782,0.5162282607249188,0.9296304240083619
DEU,DE,Germany,Europe & Central Asia,High income,52.5235,13.4115,255.65666666666667,35.35165707,4.28,72.49333333333334,0.284,58.64,92.0,2837.266666666666,10.226666666666668,529,8,0.9651417518159267,0.9908260063469183,0.9115998275118585,0.7177237863408809,0.33251231527093605,0.5864,0.9189463019250254,0.221378393772546,0.7055660478730115,0.6712194153925006,0.6335270697643327,0.8466679853100431
DJI,DJ,Djibouti,"Middle East, North Africa, Afghanistan & Pakistan",Lower middle income,11.5806,43.1425,6898.97,6.333333333,10.03,57.36666666666667,,35.0,65.0,0.0,28.836666666666662,1,7,0.059339967112887915,0.9983623082766966,0.7876239758516602,0.5093005098057226,,0.35,0.6453900709219859,0.0,0.4785738331384219,0.27244909577074167,0.31654045507791695,0.6936819488040732
DMA,DM,Dominica,Latin America & Caribbean ,Upper middle income,15.2976,-61.39,4988.48,10.0,2.73,87.04333333333334,,,83.0,0.0,25.93,1,6,0.3198312558459161,0.9974100442062832,0.9450194049159121,0.9182014421531255,,,0.8277608915906788,0.0,0.6680371731186526,0.5045329415712843,0.3763546571577713,0.9304249643718298
DNK,DK,Denmark,Europe & Central Asia,High income,55.6763,12.5681,57.28,25.26636019,1.07,80.19333333333333,0.237,89.19,99.0,3129.2666666666664,9.426666666666668,42,8,0.9921899926099441,0.9934452424898461,0.9808106942647693,0.823818490791347,0.4482758620689655,0.8919,0.9898682877406282,0.24416176191380293,0.7955587914849128,0.7469642928926405,0.7379455755940989,0.9208147544567478
DOM,DO,Dominican Republic,Latin America & Caribbean ,Upper middle income,18.479,-69.8908,4132.663333333333,39.55331412,13.47,74.7,,18.85,74.0,0.0,24.61,1,7,0.4365200563207703,0.9897348007893138,0.7134540750323415,0.7481284159279842,,0.1885,0.7365754812563323,0.0,0.5447018327609631,0.5456311199337018,0.3418009714220168,0.7710780608765435
DZA,DZ,Algeria,"Middle East, North Africa, Afghanistan & Pakistan",Upper middle income,36.7397,3.05097,5254.073333333334,144.8149712,9.25,53.18333333333334,0.035,1.07,24.0,0.0,24.97,5,8,0.283618164084692,0.9623974660564952,0.8044415696420871,0.4516603132319846,0.9458128078817734,0.010700000000000001,0.22998986828774062,0.0,0.4610775236480966,0.5708800946339884,0.25241312602823746,0.6295772814047726
ECU,EC,Ecuador,Latin America & Caribbean ,Upper middle income,-0.229498,-78.5243,2760.376666666667,6.782352941,24.14,58.44,0.092,72.43,84.0,0.0,21.19666666666667,7,8,0.6236284538057879,0.9982456941204501,0.4833980163863735,0.5240894686079088,0.8054187192118226,0.7243,0.8378926038500507,0.0,0.6246216194977992,0.7482869032473561,0.5416648295852475,0.6123512076814669
EGY,EG,"Egypt, Arab Rep.","Middle East, North Africa, Afghanistan & Pakistan",Lower middle income,30.0982,31.2461,4184.216666666666,141.1657559,18.91,49.77,0.037,11.2,82.0,0.0,23.48333333333333,7,8,0.42949086787252755,0.963345197860607,0.5961621388529539,0.4046295871032931,0.9408866995073891,0.11199999999999999,0.817629179331307,0.0,0.5330179588160098,0.7372466543999712,0.31216721314662693,0.596773281052073
ERI,ER,Eritrea,Sub-Saharan Africa ,Low income,15.3315,38.9183,6084.07,11.17511521,6.03,51.27,,11.11,40.0,0.0,27.563333333333333,1,7,0.17044986624271574,0.9971048569354712,0.8738680465717982,0.4252973866715657,,0.11109999999999999,0.39209726443769,0.0,0.42427391726560587,0.2510489201317973,0.2668409446356374,0.6647482259528453
ESP,ES,Spain,Europe & Central Asia,High income,40.4167,-3.70327,1144.3933333333334,43.25403923,10.17,67.61666666666667,0.138,57.34,93.0,1087.7,15.02,143,8,0.8439643786581004,0.9887736914557477,0.7846054333764554,0.6505304735222524,0.6921182266009852,0.5734,0.9290780141843972,0.0848680463261819,0.693417283015515,0.792656337337658,0.5640280279206242,0.7760479462274621
EST,EE,Estonia,Europe & Central Asia,High income,59.4392,24.7586,193.13666666666663,13.04628519,1.84,79.68,0.162,55.75,88.0,4066.1000000000004,6.859999999999999,12,8,0.973666222172531,0.9966188984059909,0.9642087106511428,0.8167455104946493,0.6330049261083743,0.5575,0.878419452887538,0.3172584013670022,0.7671777652609035,0.801319285086662,0.656484544525805,0.9015060329754121
ETH,ET,Ethiopia,Sub-Saharan Africa ,Not classified,9.02274,38.7468,3891.683333333333,32.25718654,4.87,33.92666666666667,0.019,100.0,25.0,0.0,23.933333333333334,2,8,0.4693771719083343,0.9916296662839374,0.8988788270806383,0.1863316952188491,0.9852216748768473,1.0,0.24012158054711244,0.0,0.5964450769894649,0.6556560799719208,0.5922013676384543,0.5618968755630649
FIN,FI,Finland,Europe & Central Asia,High income,60.1608,24.9525,96.46999999999998,7.11406213,1.6,81.19333333333333,0.124,55.86,94.0,5383.75,3.25,25,8,0.9868465186292128,0.9981595464634095,0.969383354894351,0.837597023836862,0.7266009852216748,0.5586,0.939209726443769,0.42006835010442384,0.8045581881992129,0.8602086701587319,0.6906017180498516,0.9179678883616559
FJI,FJ,Fiji,East Asia & Pacific,Upper middle income,-18.1149,178.399,4358.106666666668,0.29737303,6.87,78.78333333333333,,63.47,55.0,0.0,24.96333333333333,2,7,0.4057813325188817,0.9999298977657325,0.8557567917205692,0.8043907591971706,,0.6347,0.5440729483282675,0.0,0.6063759613615174,0.4560691928132037,0.47155224605692286,0.825667960278754
FRA,FR,France,Europe & Central Asia,High income,48.8566,2.35097,501.9533333333334,21.38462716,7.75,64.52333333333333,0.186,27.18,91.0,2042.7833333333342,12.40333333333333,322,8,0.9315597199232453,0.9944533610975923,0.8367830961621389,0.6079088779681255,0.5738916256157636,0.2718,0.9088145896656535,0.1593886462882097,0.6605749895900911,0.7660600514333601,0.5145592100906304,0.776087097975203
FRO,FO,Faroe Islands,Europe & Central Asia,High income,61.8926,-6.91181,0.0,,,,,,,3894.5499999999993,7.330000000000001,0,2,1.0,,,,,,,0.30387317258401364,,,0.5823239035504082,
FSM,FM,"Micronesia, Fed. Sts.",East Asia & Pacific,Lower middle income,6.91771,158.185,5892.973333333332,,4.17,91.56666666666666,,,40.5,0.0,27.30333333333333,1,5,0.19650549436565068,,0.9139715394566623,0.9805263399623384,,,0.3971631205673759,0.0,0.49763329887040547,0.2694719038935507,0.07860219774626027,0.8844904551194174
GAB,GA,Gabon,Sub-Saharan Africa ,Upper middle income,0.38832,9.45162,4415.956666666666,0.502166065,6.18,62.02333333333333,0.173,35.38,40.0,0.0,25.05333333333333,3,8,0.39789360682902986,0.9998767112978005,0.8706338939197931,0.5734625453543378,0.6059113300492611,0.3538,0.39209726443769,0.0,0.524209418985989,0.4903423137998659,0.38569406362536607,0.7232981141521018
GBR,GB,United Kingdom,Europe & Central Asia,High income,51.5002,-0.126236,53.73666666666667,14.35464621,6.14,71.55666666666667,,50.65,96.0,2881.0666666666666,10.106666666666667,523,7,0.9926731186490287,0.9962791060813467,0.8714963346269944,0.7048178937215818,,0.5065,0.9594731509625126,0.2247958989937346,0.7508622147193142,0.980600403126659,0.6171792146441955,0.8323400556165339
GEO,GE,Georgia,Europe & Central Asia,Upper middle income,41.71,44.793,466.8466666666666,4.212964169,3.8,61.15,0.105,79.84,82.0,3285.0,9.0,8,8,0.936346440001927,0.9989129859232527,0.9219491159982751,0.5614292931612547,0.7733990147783252,0.7984,0.817629179331307,0.25631289158913995,0.7580473650979352,0.8392766465171821,0.7034657526617779,0.7788537736855168
GHA,GH,Ghana,Sub-Saharan Africa ,Lower middle income,5.57045,-0.20795,6244.903333333333,6.314734089,3.19,64.5,0.129,36.21,70.0,0.0,27.84,7,8,0.14852057989668477,0.9983671386562774,0.9351013367830961,0.6075873788637303,0.7142857142857142,0.36210000000000003,0.6960486322188449,0.0,0.5577513475880435,0.51262050083618,0.33800754371059244,0.789680353439902
GIB,GI,Gibraltar,Europe & Central Asia,High income,,,1050.03,,,,,0.0,,0.0,18.30333333333333,0,3,0.8568306204647281,,,,,0.0,,0.0,,,0.21420765511618203,
GIN,GN,Guinea,Sub-Saharan Africa ,Lower middle income,9.51667,-13.7,5379.256666666667,1.369230769,6.92,50.36333333333334,,75.18,33.0,0.0,26.52333333333333,1,7,0.26654968017328906,0.9996515273257276,0.8546787408365675,0.41280485004363204,,0.7518,0.3211752786220871,0.0,0.515237153857329,0.2864135341546702,0.47878024149980336,0.6463247562713192
GMB,GM,"Gambia, The",Sub-Saharan Africa ,Low income,13.4495,-16.5885,6512.69,2.209656372,4.43,67.33333333333333,,0.0,35.0,0.0,28.24666666666667,2,7,0.1120084317537885,0.9994332617514949,0.9083656748598534,0.6466265558260229,,0.0,0.3414387031408308,0.0,0.4296960896188558,0.19543762134907658,0.22228833870105671,0.7606374681081651
GNB,GW,Guinea-Bissau,Sub-Saharan Africa ,Low income,11.8037,-15.1804,6315.6466666666665,1.495726496,3.15,58.50333333333333,,0.0,32.0,0.0,27.94666666666667,0,7,0.13887487535529996,0.9996186753250352,0.9359637774902976,0.5249621090341248,,0.0,0.3110435663627153,0.0,0.4157804290810675,0.20148167208526915,0.22769871013606705,0.7186193236702808
GNQ,GQ,Equatorial Guinea,Sub-Saharan Africa ,Upper middle income,3.7523,8.7741,4003.343333333333,0.183503244,3.36,61.473333333333336,,26.85,45.0,0.0,24.43,1,7,0.454152566021923,0.9999594707037062,0.9314359637774903,0.5658843521793047,,0.2685,0.44275582573454914,0.0,0.5232411683452819,0.4500082968265143,0.3713724073451259,0.7466258313728543
GRC,GR,Greece,Europe & Central Asia,High income,37.9792,23.7166,1315.3333333333333,20.32571313,9.02,70.23333333333333,0.233,49.23,82.0,861.3999999999997,15.64,15,8,0.8206570695928743,0.9947283699478652,0.8094006037084951,0.6865843016580168,0.458128078817734,0.49229999999999996,0.817629179331307,0.06721093601670779,0.643329817384125,0.6569134456917476,0.5309303687131602,0.7888961053864905
GRD,GD,Grenada,Latin America & Caribbean ,Upper middle income,12.0653,-61.7449,5517.25,7.05,2.02,86.44333333333333,,0.0,74.0,0.0,26.73,0,7,0.24773457973488522,0.9981761839355916,0.9603277274687365,0.9099343223258161,,0.0,0.7365754812563323,0.0,0.5503926135316232,0.42549490756086594,0.24918215273409539,0.9234724092603561
GRL,GL,Greenland,Europe & Central Asia,High income,64.1836,-51.7214,0.0,,,87.19666666666667,,83.33,,12816.366666666665,-17.113333333333333,0,4,1.0,,,0.9203141505534378,,0.8332999999999999,,1.0,,,0.9374874999999999,
GTM,GT,Guatemala,Latin America & Caribbean ,Upper middle income,14.6248,-90.5328,3687.736666666667,5.742097081,11.36,61.836666666666666,0.188,68.33,70.0,0.0,23.69666666666667,5,8,0.49718487047404525,0.9985158572875659,0.7589478223372144,0.5708905525191751,0.5689655172413792,0.6833,0.6960486322188449,0.0,0.5967316565097781,0.5692589138683055,0.5041301455523223,0.7133702006407144
GUM,GU,Guam,East Asia & Pacific,High income,13.4443,144.794,5957.203333333334,,,82.91666666666667,,8.6,,0.0,27.4,0,4,0.18774786910965735,,,0.8613420291186331,,0.086,,0.0,,,0.07918696727741432,
GUY,GY,Guyana,Latin America & Caribbean ,High income,6.80461,-58.1548,4702.263333333333,3.298401827,6.4,69.47,,2.9,37.0,0.0,25.49,0,7,0.35885629568222577,0.9991505054300782,0.8658904700301854,0.6760666880999402,,0.028999999999999998,0.3617021276595745,0.0,0.47009515527171486,0.3598911436739889,0.28030136022246077,0.7595311283310102
HKG,HK,"Hong Kong SAR, China",East Asia & Pacific,High income,22.3964,114.109,,,,74.02666666666667,0.175,1.04,,,,0,3,,,,0.738850870344004,0.6009852216748769,0.0104,,,,,,
HND,HN,Honduras,Latin America & Caribbean ,Lower middle income,15.1333,-87.4667,3894.506666666666,4.621268764,17.78,57.946666666666665,0.234,55.45,66.0,0.0,24.246666666666663,4,8,0.468992216353203,0.9988069457971888,0.6205260888313928,0.5172920589721214,0.4556650246305418,0.5545,0.6555217831813577,0.0,0.5339130147207256,0.5003008934436364,0.4599098324300783,0.6394741748675501
HRV,HR,Croatia,Europe & Central Asia,High income,45.8069,15.9614,899.1866666666666,1.509559804,4.89,77.26666666666667,0.174,73.45,90.0,1728.8833333333332,13.263333333333334,18,8,0.8773977913459082,0.9996150826989856,0.8984476067270375,0.7834933174114728,0.603448275862069,0.7345,0.8986828774062816,0.13489652553635847,0.7413101846235142,0.7583775265902553,0.6362215324698863,0.8676645394645283
HTI,HT,Haiti,Latin America & Caribbean ,Lower middle income,18.5392,-72.3288,4785.903333333334,13.38379177,10.06,48.13,,18.6,39.0,0.0,25.61666666666667,0,7,0.3474521577963271,0.9965312451179092,0.7869771453212592,0.38203279290864833,,0.18600000000000003,0.3819655521783182,0.0,0.44013698476035173,0.360002483026142,0.3245966805828473,0.6159313600114182
HUN,HU,Hungary,Europe & Central Asia,High income,47.4984,19.0408,847.9200000000001,8.108497409,0.91,75.52,0.239,31.49,89.0,2103.616666666667,12.236666666666666,19,8,0.8843878933977622,0.9979012832852848,0.9842604570935748,0.7594268130253065,0.4433497536945813,0.31489999999999996,0.8885511651469098,0.16413518131763816,0.6796140683701322,0.6867533848811603,0.5201683897319008,0.8868021942003576
IDN,ID,Indonesia,East Asia & Pacific,Upper middle income,-6.19752,106.83,4785.5233333333335,29.69654528,39.8,54.59,0.07,18.09,69.0,0.0,25.570000000000004,84,8,0.3475039699961914,0.992294686284545,0.1457524795170333,0.4710421163826758,0.8596059113300493,0.1809,0.6859169199594731,0.0,0.460377010433746,0.6456324335890838,0.3222297312561473,0.4568661093226611
IMN,IM,Isle of Man,Europe & Central Asia,High income,54.1509,-4.47928,0.1333333333333333,,,,,,,2556.2166666666676,10.996666666666664,0,2,0.9999818202807494,,,,,,,0.1994494019365864,,,0.5196623692742517,
IND,IN,India,South Asia,Lower middle income,28.6353,77.225,4868.19,66.49209283,40.73,52.35666666666666,0.124,19.81,56.0,0.0,24.43,99,8,0.33623254406082215,0.9827385741354915,0.12570073307460128,0.440270059247692,0.7266009852216748,0.1981,0.5542046605876393,0.0,0.4204809445409901,0.5554927658885692,0.32322422363926273,0.4229345324542749
IRL,IE,Ireland,Europe & Central Asia,High income,53.3441,-6.26749,24.14,8.051010587,3.25,79.51333333333334,,46.53,89.0,2721.683333333332,10.543333333333337,80,7,0.9967085618296797,0.9979162130948598,0.9338076757222941,0.8144490883203968,,0.4653,0.8885511651469098,0.21235997721663177,0.7584418116186817,0.9573785993995815,0.6022229481498975,0.8911548703098816
IRN,IR,"Iran, Islamic Rep.","Middle East, North Africa, Afghanistan & Pakistan",Upper middle income,35.6878,51.4447,3405.4666666666667,81.28908129,16.3,43.14666666666667,,5.33,85.0,0.0,19.71,20,7,0.5356717906205375,0.9788956721919924,0.6524363949978439,0.31336976989849813,,0.0533,0.8480243161094225,0.0,0.48309970625975635,0.6492545271619501,0.318903492562506,0.5853374286483857
IRQ,IQ,Iraq,"Middle East, North Africa, Afghanistan & Pakistan",Upper middle income,33.3302,44.394,5151.1033333333335,59.58384831,9.06,28.776666666666667,0.045,1.63,79.0,0.0,24.21666666666667,4,8,0.29765790676894577,0.9845327031478808,0.8085381630012937,0.11537225003444637,0.9211822660098522,0.0163,0.7872340425531915,0.0,0.49135216643945123,0.6761590955842028,0.2613281219833653,0.5555405667917326
ISL,IS,Iceland,Europe & Central Asia,High income,64.1353,-21.8952,0.02,0.394075282,2.34,86.83999999999999,0.084,100.0,100.0,5911.783333333333,1.8033333333333328,3,8,0.9999972730421124,0.9999047833802509,0.9534282018111255,0.9153998071005371,0.8251231527093595,1.0,1.0,0.4612682741598633,0.894390186525406,0.9213044642839512,0.8383608935324317,0.9498455109811463
ISR,IL,Israel,"Middle East, North Africa, Afghanistan & Pakistan",High income,31.7717,35.2035,2880.66,131.998964714,3.69,48.9,0.112,13.8,89.0,0.0,21.16,31,8,0.6072280745768444,0.9657258903751385,0.9243208279430789,0.3926422633536949,0.7561576354679802,0.138,0.8885511651469098,0.0,0.5840782321079558,0.7305109950918686,0.3559907929903966,0.7142831951925174
ITA,IT,Italy,Europe & Central Asia,High income,41.8955,12.4823,1090.7266666666667,29.76738039,11.34,72.7,0.419,50.17,61.0,1435.666666666666,14.066666666666668,168,8,0.8512817156564652,0.9922762898126802,0.759379042690815,0.7205713498369539,0.0,0.5017,0.6048632218844985,0.11201822669451297,0.5677612308219908,0.4189212448566625,0.5528270691021829,0.7633389705369188
JAM,JM,Jamaica,Latin America & Caribbean ,Upper middle income,17.9927,-76.792,5261.666666666667,12.38281888,3.97,73.89666666666666,0.241,12.6,46.0,0.0,26.34,2,8,0.2825828290733706,0.9967912061684141,0.9182837429926692,0.737059661048087,0.43842364532019706,0.126,0.452887537993921,0.0,0.4940035778245824,0.3867721381685526,0.29367480704835697,0.8110306091913233
JOR,JO,Jordan,"Middle East, North Africa, Afghanistan & Pakistan",Lower middle income,31.9497,35.9263,3074.78,105.2021265,3.21,60.41333333333333,0.134,24.07,92.0,0.0,20.506666666666664,4,8,0.5807602213199021,0.9726852538922884,0.9346701164294955,0.5512791071510585,0.7019704433497537,0.2407,0.9189463019250254,0.0,0.6126264305084403,0.70294203735436,0.38289909504243813,0.7854436018870926
JPN,JP,Japan,East Asia & Pacific,High income,35.67,139.77,1144.0466666666669,36.64367816,24.81,86.83333333333333,0.204,22.94,94.0,1816.483333333334,13.023333333333332,222,8,0.8440116459281519,0.9904904576390697,0.46895213454075035,0.9153079502135671,0.5295566502463054,0.22940000000000002,0.939209726443769,0.14173153597873558,0.6323325126237936,0.7215465139744444,0.4782398815070651,0.7727509684649269
KAZ,KZ,Kazakhstan,Europe & Central Asia,Upper middle income,51.1879,71.4382,1201.89,34.62690707,1.73,59.830000000000005,0.074,15.21,93.0,3600.1166666666672,8.136666666666665,6,8,0.8361248292242622,0.9910142299973644,0.9665804225959466,0.5432416295411748,0.8497536945812808,0.1521,0.9290780141843972,0.2808999430415797,0.6935990953957507,0.8608484556269476,0.4953277947567993,0.7971597356430956
KEN,KE,Kenya,Sub-Saharan Africa ,Lower middle income,-1.27975,36.8126,4952.9,33.23990107,13.72,47.16666666666666,0.175,91.49,41.0,0.0,25.736666666666665,14,8,0.32468251392793746,0.991374447082581,0.7080638206123329,0.36875947274146864,0.6009852216748769,0.9148999999999999,0.4022289766970618,0.0,0.5388743065920323,0.4645280249678851,0.5376813922021038,0.5842551910429973
KGZ,KG,Kyrgyz Republic,Europe & Central Asia,Lower middle income,42.8851,74.6057,132.59333333333333,50.03895598,2.72,57.71666666666667,0.039,88.78,88.5,6061.4333333333325,1.393333333333333,1,8,0.9819211781912451,0.9870115916990615,0.9452350150927123,0.5141229963716529,0.9359605911330049,0.8878,0.8834853090172239,0.47294475033225747,0.8260601789796448,0.9415517401802328,0.8020099790777386,0.7728817234876921
KHM,KH,Cambodia,East Asia & Pacific,Lower middle income,11.5556,104.874,5994.650000000001,1.036544851,8.14,66.97,,35.66,98.0,0.0,27.456666666666663,5,7,0.18264209495812755,0.9997379286474771,0.8283742992669254,0.6416203554861525,,0.3566,0.9797365754812564,0.0,0.5698158934057055,0.4724946333301744,0.3434560047211209,0.7945134937831322
KIR,KI,Kiribati,East Asia & Pacific,Lower middle income,1.32905,172.979,5524.94,,2.8,87.10000000000001,,25.0,60.0,0.0,26.743333333333336,0,6,0.24668606442710717,,0.9435101336783096,0.9189822256923713,,0.25,0.5947315096251267,0.0,0.4923183222371524,0.37324804449911425,0.1554215161067768,0.890934809443376
KNA,KN,St. Kitts and Nevis,Latin America & Caribbean ,High income,17.3,-62.7309,5303.88,50.83333333,2.24,81.54333333333334,,8.7,70.0,0.0,26.406666666666663,1,7,0.276827129958632,0.9868052852421471,0.9555843035791289,0.8424195104027924,,0.087,0.6960486322188449,0.0,0.549240694485935,0.42927131259870943,0.27882648304015584,0.8890479664220188
KOR,KR,"Korea, Rep.",East Asia & Pacific,High income,37.5323,126.957,1269.4366666666667,85.22183304,11.01,79.71666666666665,0.118,9.71,93.0,1725.233333333334,13.273333333333332,35,8,0.8269149834519105,0.9778743035949816,0.7664941785252264,0.8172507233729847,0.7413793103448276,0.0971,0.9290780141843972,0.13461173343459282,0.6613379058636151,0.8088565367002206,0.4304713774397563,0.83476219879071
KWT,KW,Kuwait,"Middle East, North Africa, Afghanistan & Pakistan",High income,29.3721,47.9824,6492.786666666667,3850.5,2.42,69.81666666666666,0.068,2.24,93.0,0.0,27.33,35,8,0.11472220934492106,0.0,0.9517033203967227,0.6808432462223853,0.8645320197044335,0.022400000000000003,0.9290780141843972,0.0,0.4454098512316075,0.6150077849745968,0.029664441868984214,0.6983412620462468
LAO,LA,Lao PDR,East Asia & Pacific,Lower middle income,18.5826,102.177,3607.35,4.791395046,3.0,77.27666666666666,,76.72,79.0,0.0,23.536666666666665,3,7,0.5081454232102294,0.9987627625756159,0.9391979301423027,0.7836311027419278,,0.7672,0.7872340425531915,0.0,0.6834530373176096,0.6096321938803972,0.5315416371571691,0.8707095352882386
LBN,LB,Lebanon,"Middle East, North Africa, Afghanistan & Pakistan",Lower middle income,33.8872,35.5134,1435.1533333333334,58.79299156,4.29,43.07,,43.82,92.0,557.2333333333336,16.473333333333333,4,7,0.8043198648883265,0.9847380952754627,0.9113842173350583,0.312313415698342,,0.4382,0.9189463019250254,0.043478260869565244,0.6304828794273972,0.8460022056289442,0.5023150702936274,0.6835151868304291
LBR,LR,Liberia,Sub-Saharan Africa ,Low income,6.30039,-10.7957,4833.820000000001,0.264311594,3.64,62.00333333333333,,54.38,32.4,0.0,25.69,0,7,0.3409188211906443,0.9999384840978096,0.9253988788270806,0.5731869746934275,,0.5438000000000001,0.315096251266464,0.0,0.5283342014393466,0.3315287957636696,0.4313114610576908,0.7346647952081671
LBY,LY,Libya,"Middle East, North Africa, Afghanistan & Pakistan",Upper middle income,32.8578,13.1072,4038.196666666666,817.1428571,15.69,32.06,,0.03,88.0,0.0,23.02,6,7,0.44940038740981736,0.7877882780870549,0.6655886157826649,0.16061176686722092,,0.0003,0.878419452887538,0.0,0.42030121443347085,0.6054073203108067,0.24752773309937445,0.5032109092726331
LCA,LC,St. Lucia,Latin America & Caribbean ,Upper middle income,14.0,-60.9832,5549.496666666667,14.3,2.53,83.69333333333333,,2.5,74.0,0.0,26.78,1,7,0.24333781463412862,0.9962932981601729,0.949331608451919,0.8720433564506497,,0.025,0.7365754812563323,0.0,0.5460830798504575,0.42269696613311175,0.2554262225588603,0.9041849483880906
LIE,LI,Liechtenstein,Europe & Central Asia,High income,47.1411,9.52148,52.43333333333334,,0.68,92.98,0.276,,97.0,4033.2500000000005,6.95,5,6,0.9928508254047033,,0.9892194911599828,1.0,0.35221674876847286,,0.9696048632218845,0.3146952724511108,0.7697645335010256,0.6999162984818358,0.5859574936325478,0.9919850685037441
LKA,LK,Sri Lanka,South Asia,Lower middle income,6.92148,79.8528,5472.893333333333,90.78541374,4.87,55.74666666666667,0.094,55.24,90.0,0.0,26.663333333333338,4,8,0.253782517836577,0.9764293950487162,0.8988788270806383,0.4869792862719882,0.8004926108374384,0.5524,0.8986828774062816,0.0,0.608455689310205,0.6287821316009056,0.41176238257705866,0.7457320009849542
LSO,LS,Lesotho,Sub-Saharan Africa ,Lower middle income,-29.5208,27.7167,65.66333333333334,2.565905097,1.41,62.92,0.022,0.0,47.0,2361.55,11.53,2,8,0.991046942762063,0.9993407409712448,0.9734799482535575,0.5858172966518165,0.9778325123152709,0.0,0.4630192502532928,0.18426048984241508,0.6468496476312076,0.8794949105592524,0.4533556836993861,0.7712479367204877
LTU,LT,Lithuania,Europe & Central Asia,High income,54.6896,25.2799,243.2433333333333,2.165537131,2.32,82.14999999999999,0.178,84.29,89.0,3667.0333333333333,7.953333333333333,20,8,0.9668342836781572,0.9994447198882261,0.9538594221647262,0.8507784871170714,0.5935960591133005,0.8429000000000001,0.8885511651469098,0.286121131573951,0.7977606585852928,0.7832204589177222,0.731962140185462,0.9129340171024077
LUX,LU,Luxembourg,Europe & Central Asia,High income,49.61,6.1296,196.43666666666664,3.95854063,0.57,83.61666666666666,0.222,90.72,100.0,2842.133333333334,10.213333333333331,16,8,0.9732162741210788,0.9989790618491168,0.9915912031047865,0.8709870022504935,0.4852216748768473,0.9072,1.0,0.2217581165749004,0.8061191665971529,0.758975449636959,0.7331265021665093,0.9452985812642403
LVA,LV,Latvia,Europe & Central Asia,High income,56.9465,24.1048,210.28,1.015521509,3.18,78.64666666666666,0.164,73.45,89.0,3879.95,7.37,25,8,0.9713287647698856,0.9997433885856294,0.9353169469598965,0.8025076930142836,0.6280788177339902,0.7345,0.8885511651469098,0.30273400417695084,0.7828450975484433,0.8003107686791374,0.7053846319241882,0.8871806334442127
MAC,MO,"Macao SAR, China",East Asia & Pacific,High income,22.1667,113.55,,,,82.97666666666667,,30.77,,,,0,2,,,,0.8621687411013641,,0.3077,,,,,,
MAF,MF,St. Martin (French part),Latin America & Caribbean ,High income,,,5329.43,,,,,,,0.0,26.44333333333333,0,2,0.27334344125723664,,,,,,,0.0,,,0.10933737650289466,
MAR,MA,Morocco,"Middle East, North Africa, Afghanistan & Pakistan",Lower middle income,33.9905,-6.8704,2498.7066666666665,50.75121202,10.55,57.53666666666667,0.109,24.4,90.0,0.0,19.666666666666668,4,8,0.6593066073280631,0.9868266128347619,0.7764122466580423,0.5116428604234602,0.7635467980295566,0.244,0.8986828774062816,0.0,0.6050522503350207,0.7540899471593789,0.402426644032565,0.7142937101655413
MCO,MC,Monaco,Europe & Central Asia,High income,43.7325,7.41891,985.25,,0.18,88.64666666666666,,,99.0,765.283333333333,15.903333333333334,3,5,0.86566323706263,,1.0,0.9402930234694346,,,0.9898682877406282,0.05971141067021073,0.7711071917885807,0.9108287100364474,0.38209214122717844,0.9707106331315726
MDA,MD,Moldova,Europe & Central Asia,Upper middle income,47.0167,28.8497,781.23,12.56311256,1.28,61.0,0.151,10.71,94.3,2430.9000000000005,11.339999999999998,7,8,0.893480934473929,0.9967443823883493,0.9762828805519621,0.5593625132044274,0.6600985221674878,0.10710000000000001,0.9422492401215805,0.18967153977596363,0.6656237515854624,0.7982125100655607,0.4670765253052448,0.8091805948453682
MDG,MG,Madagascar,Sub-Saharan Africa ,Low income,-20.4667,45.7167,3194.896666666667,11.26150628,23.68,55.38333333333333,0.182,42.39,20.0,0.0,22.93,0,8,0.5643825667400217,0.9970824204503917,0.4933160845191893,0.48197308593211774,0.583743842364532,0.4239,0.18946301925025327,0.0,0.4667326274070632,0.4981112312730977,0.4394629974380827,0.5339585289471475
MDV,MV,Maldives,South Asia,Upper middle income,4.1742,73.5109,6016.436666666667,15.66666667,1.04,67.60666666666667,,7.06,84.7,0.0,27.49,1,7,0.1796715288325802,0.9959383633694581,0.9814575247951703,0.6503926881917972,,0.0706,0.844984802431611,0.0,0.5318635582315167,0.4216036283231368,0.25630197844040764,0.8375564437036084
MEX,MX,Mexico,Latin America & Caribbean ,Upper middle income,19.427,-99.1276,2813.763333333334,44.94514734,38.96,55.05666666666667,0.212,21.12,72.0,0.0,21.30666666666667,173,8,0.6163492942178493,0.9883344965033319,0.16386373436826218,0.47747209847058286,0.5098522167487685,0.2112,0.7163120567375887,0.0,0.46042298713079793,0.5884181618607108,0.38429675814423625,0.4682225265663836
MHL,MH,Marshall Islands,East Asia & Pacific,Upper middle income,7.11046,171.135,5782.490000000001,,2.52,87.76666666666667,,,73.0,0.0,27.13666666666667,0,5,0.21156966422967527,,0.9495472186287193,0.9281679143893813,,,0.7264437689969605,0.0,0.5631457132489472,0.39879661141777895,0.08462786569187011,0.9132389049123533
MKD,MK,North Macedonia,Europe & Central Asia,Upper middle income,42.0024,21.4361,754.2199999999999,52.55324298,1.01,69.85333333333334,,39.45,92.0,2208.2500000000005,11.95,5,7,0.8971636911011184,0.9863586102883553,0.9821043553255714,0.6813484591007211,,0.3945,0.9189463019250254,0.17229922156825522,0.7189600913298637,0.90508464049163,0.5467442267483713,0.8561243297399942
MLI,ML,Mali,Sub-Saharan Africa ,Low income,13.5667,-7.50034,7334.18,8.00308642,2.24,23.093333333333334,0.159,19.46,35.1,0.0,29.433333333333334,2,8,0.0,0.9979286594027691,0.9555843035791289,0.037064253892435645,0.6403940886699507,0.1946,0.342451874366768,0.0,0.3960028974888815,0.3566677147748314,0.25796573188055383,0.5332146941567616
MLT,MT,Malta,"Middle East, North Africa, Afghanistan & Pakistan",High income,35.9042,14.5189,2084.5933333333337,72.60000792,1.04,81.12333333333333,0.164,15.53,93.5,0.0,20.156666666666663,3,8,0.7157700883625253,0.9811522973850879,0.9814575247951703,0.836632526523676,0.6280788177339902,0.1553,0.9341438703140831,0.0,0.6540668906393166,0.719983772969996,0.38597447714952265,0.9187503759269515
MMR,MM,Myanmar,East Asia & Pacific,Lower middle income,21.914,95.9562,4107.7,5.801501397,36.91,28.656666666666663,,47.85,41.0,0.0,24.13,5,7,0.439923754257463,0.9985004294887252,0.20806382061233297,0.11371882606898451,,0.47850000000000004,0.4022289766970618,0.0,0.37727654387493825,0.4262165624173171,0.4312348367492377,0.3083078297349253
MNE,ME,Montenegro,Europe & Central Asia,Upper middle income,42.4602,19.2595,501.7366666666667,,2.86,69.41000000000001,,59.49,89.8,2733.85,10.51,0,6,0.9315892619670274,,0.9422164726175075,0.6752399761172094,,0.5949,0.8966565349544072,0.21330928422251758,0.708985254979778,0.9188864521442565,0.5359757970752009,0.8112204815981789
MNG,MN,Mongolia,East Asia & Pacific,Upper middle income,47.9129,106.937,419.5033333333333,3.395007342,1.96,75.54666666666667,,8.84,83.0,5831.483333333334,2.023333333333333,3,7,0.9428016038148324,0.9991254161680064,0.9616213885295386,0.7597942405731869,,0.08839999999999999,0.8277608915906788,0.45500284792101775,0.7192151983710373,0.9009686175515038,0.551406258372873,0.873130083798882
MNP,MP,Northern Mariana Islands,East Asia & Pacific,High income,15.1935,145.765,5917.843333333333,,,,,,,0.0,27.340000000000003,0,2,0.1931145222324332,,,,,,,0.0,,,0.07724580889297328,
MOZ,MZ,Mozambique,Sub-Saharan Africa ,Low income,-25.9664,32.5713,3903.9833333333336,1.751486326,34.39,40.28666666666667,0.08,83.42,23.0,0.0,24.226666666666663,7,8,0.4677000928074667,0.9995522523531966,0.26239758516601985,0.27396316538832505,0.8349753694581281,0.8342,0.21985815602836878,0.0,0.4865808276501881,0.5834055799444448,0.5437104690321326,0.3733430744192533
MRT,MR,Mauritania,Sub-Saharan Africa ,Lower middle income,18.2367,-15.9824,6699.486666666667,13.24621733,9.06,58.13333333333333,,22.7,37.4,0.0,28.39333333333333,1,7,0.08653909957668526,0.9965669743532385,0.8085381630012937,0.5198640518072842,,0.22699999999999998,0.3657548125633232,0.0,0.42918044304311787,0.18807208611728088,0.2847212147859848,0.6769945051826846
MUS,MU,Mauritius,Sub-Saharan Africa ,Upper middle income,-20.1605,57.4977,3652.0766666666655,22.97346419,3.48,80.04666666666667,0.135,17.89,79.5,0.0,23.89333333333333,10,8,0.5020470363876173,0.9940407268019722,0.9288486416558862,0.8217976392780048,0.6995073891625616,0.1789,0.7922998986828774,0.0,0.614680166496115,0.6489547675953943,0.35288755263791793,0.8821521791793456
MWI,MW,Malawi,Sub-Saharan Africa ,Low income,-13.9899,33.7703,2768.2966666666666,17.50483809,3.38,61.39666666666667,0.15,95.63,27.7,0.0,22.32333333333333,1,8,0.6225485784823025,0.9954609748426306,0.9310047434238896,0.5648279979791484,0.6625615763546798,0.9562999999999999,0.2674772036474164,0.0,0.6250226343412585,0.569540152557895,0.6104919106649866,0.7278497259811568
MYS,MY,Malaysia,East Asia & Pacific,Upper middle income,3.12433,101.684,4920.516666666666,3.43948718,14.28,70.8,0.129,20.36,81.0,0.0,25.82333333333333,34,8,0.32909791324092585,0.9991138643812115,0.6959896507115135,0.6943921370504752,0.7142857142857142,0.2036,0.8074974670719351,0.0,0.5554970933427219,0.5981123344772825,0.3267223555244275,0.751970058933595
NAM,,Namibia,Sub-Saharan Africa ,Lower middle income,-22.5648,17.0931,2713.773333333333,0.314668328,5.86,73.49666666666667,,97.57,64.4,0.0,21.653333333333336,2,7,0.6299827201768524,0.9999254060318586,0.877533419577404,0.731548247829881,,0.9756999999999999,0.6393110435663628,0.0,0.6934286910260513,0.6333748377730379,0.6186916252417421,0.8136759112454589
NCL,NC,New Caledonia,East Asia & Pacific,High income,-22.2677,166.464,3021.896666666667,,,84.85000000000001,,26.92,,0.0,22.883333333333336,0,4,0.5879707524676696,,,0.8879805263399624,,0.2692,,0.0,,,0.24794268811691741,
NER,NE,Niger,Sub-Saharan Africa ,Low income,13.514,2.1073,6520.803333333333,11.02093771,2.17,39.04,,3.16,1.5,0.0,28.01,1,7,0.1109021958373897,0.9971448981246629,0.9570935748167313,0.2567859275249162,,0.0316,0.0020263424518743665,0.0,0.33650756267936777,0.07131097642447501,0.23108941879241052,0.5874714911597092
NGA,NG,Nigeria,Sub-Saharan Africa ,Lower middle income,9.05804,7.48906,5938.563333333333,9.668217054,9.19,32.236666666666665,0.05,25.0,48.2,0.0,27.37,17,8,0.19028939386089072,0.997496211018635,0.8057352307028892,0.16304597437192853,0.9088669950738916,0.25,0.475177304964539,0.0,0.4738263887490967,0.5706268966274708,0.31255712097590516,0.5443678826440318
NIC,NI,Nicaragua,Latin America & Caribbean ,Lower middle income,12.1475,-86.2734,4820.33,2.220900209,23.6,64.17,0.217,62.39,71.3,0.0,25.67,3,8,0.34275815428582335,0.9994303416327711,0.49504096593359204,0.6030404629587103,0.49753694581280783,0.6239,0.7092198581560284,0.0,0.5338658410974666,0.4857009512470074,0.4556076991837189,0.6353170603207597
NLD,NL,Netherlands,Europe & Central Asia,High income,52.3738,4.89095,180.81333333333336,16.65850698,4.33,75.35666666666667,0.221,50.74,96.0,2478.35,11.21,298,8,0.9753464827242673,0.9956807741265359,0.9105217766278568,0.757176319294539,0.48768472906403937,0.5074000000000001,0.9594731509625126,0.1933738370989178,0.7233321337373336,0.7527240272248138,0.6044376024998361,0.8668525807527971
NOR,NO,Norway,Europe & Central Asia,High income,59.9138,10.7387,14.15,2.044007605,2.95,81.60666666666667,0.104,98.6,96.2,5551.65,2.7900000000000005,26,8,0.9980706772945306,0.999476282124888,0.9402759810263044,0.8432921508290083,0.7758620689655172,0.986,0.961499493414387,0.4331687867856465,0.8672056800550353,0.890762566770446,0.8252600279195776,0.9124848453509817
NPL,NP,Nepal,South Asia,Lower middle income,27.6939,85.3157,1512.9633333333334,8.311832662,2.6,59.61333333333334,0.068,100.0,50.0,1762.95,13.17,7,8,0.7937106352266602,0.9978484754155587,0.9478223372143165,0.5402562807146466,0.8645320197044335,1.0,0.49341438703140833,0.13755458515283844,0.7218923400574828,0.7655210086026077,0.6995781976742953,0.746859040326344
NRU,NR,Nauru,East Asia & Pacific,High income,-0.5477,166.920867,5968.570000000001,,0.88,83.36333333333333,,20.0,,0.0,27.42,0,5,0.186198048043544,,0.9849072876239758,0.8674964405456297,,0.2,,0.0,0.44772035524263,,0.12154951201088601,0.9222881691821913
NZL,NZ,New Zealand,East Asia & Pacific,High income,-41.2865,174.776,64.50666666666666,8.04808476,15.2,86.78000000000002,,85.97,96.2,2496.5999999999995,11.160000000000002,30,7,0.9912046518265618,0.9979169729566583,0.6761535144458819,0.9145730951178066,,0.8597,0.961499493414387,0.19479779760774632,0.799406503624149,0.9804027760403163,0.714173664238968,0.8483204633881187
OMN,OM,Oman,"Middle East, North Africa, Afghanistan & Pakistan",High income,23.6105,58.5874,6579.813333333333,116.7142857,7.84,75.11666666666666,0.192,4.88,95.3,0.0,28.32333333333333,6,8,0.10285630659005751,0.9696954496437318,0.8348426045709357,0.7538694713636153,0.5591133004926108,0.048799999999999996,0.9523809523809523,0.0,0.5276947606302379,0.47807688300438544,0.22915035124675787,0.8344351128299285
PAK,PK,Pakistan,"Middle East, North Africa, Afghanistan & Pakistan",Lower middle income,30.5167,72.8,4356.18,109.9932519,26.82,33.10333333333333,0.155,37.19,48.2,0.0,21.22666666666667,22,8,0.406044029462053,0.971440958462784,0.425614489003881,0.17498736967804163,0.6502463054187192,0.37189999999999995,0.475177304964539,0.0,0.43442630712375224,0.52976170874305,0.38706699758496743,0.4121938932884465
PAN,PA,Panama,Latin America & Caribbean ,High income,8.99427,-79.5188,4515.076666666667,0.90107111,18.25,71.94333333333333,0.198,67.98,78.0,0.0,25.19666666666667,8,8,0.3843788035381369,0.9997731123136664,0.6103924105217766,0.7101455931658475,0.5443349753694582,0.6798000000000001,0.7771023302938197,0.0,0.5882409031503382,0.534903786213368,0.4807703831703607,0.7253717808253928
PER,PE,Peru,Latin America & Caribbean ,Upper middle income,-12.0931,-77.0465,2559.7833333333333,4.82842772,25.81,54.31,0.162,60.11,79.5,0.0,19.15333333333333,10,8,0.6509789324323465,0.9987531448797401,0.44739111686071587,0.46718412712993157,0.6330049261083743,0.6011,0.7922998986828774,0.0,0.5738390182617482,0.6711548228366653,0.5102764154624173,0.5725035033534719
PHL,PH,Philippines,East Asia & Pacific,Lower middle income,14.5515,121.035,5230.413333333333,27.83151711,46.56,52.330000000000005,0.154,20.48,98.0,0.0,26.293333333333333,21,8,0.2868441552657103,0.9927790497344827,0.0,0.43990263169981175,0.6527093596059114,0.2048,0.9797365754812564,0.0,0.44459647147339654,0.59006198126191,0.3173646410000386,0.4228515676882228
PLW,PW,Palau,East Asia & Pacific,High income,7.34194,134.479,5991.31,,2.17,87.12,,,57.5,0.0,27.450000000000003,0,5,0.18309749692535493,,0.9570935748167313,0.9192577963532814,,,0.5694022289766971,0.0,0.525770219414413,0.3235719449440248,0.07323899877014198,0.8936777560292215
PNG,PG,Papua New Guinea,East Asia & Pacific,Lower middle income,-9.47357,147.194,3857.3666666666654,0.132242833,26.51,55.24666666666667,,23.67,24.1,0.0,24.02,2,7,0.47405617715045645,0.9999727834621495,0.4322984044846917,0.4800900197492307,,0.23670000000000002,0.23100303951367782,0.0,0.40773148919431523,0.38567321800980964,0.36581579212252124,0.5164366709400245
POL,PL,Poland,Europe & Central Asia,High income,52.26,21.02,316.2533333333333,32.48528903,4.92,74.67333333333333,0.359,31.15,87.0,3111.016666666666,9.476666666666668,144,8,0.9568795239095123,0.9915704261551432,0.8978007761966365,0.7477609883801036,0.14778325123152714,0.3115,0.8682877406281662,0.24273780140497433,0.6455400634882579,0.5750678445481497,0.5559613304344234,0.8488990050069523
PRI,PR,Puerto Rico (US),Latin America & Caribbean ,High income,18.23,-66.0,4837.633333333333,19.53561063,,71.79,,6.0,,0.0,25.69666666666667,0,5,0.34039888122007733,0.9949335661903993,,0.7080328847655353,,0.06,,0.0,0.42067306643520236,,0.28506648948209534,0.7862785251541345
PRK,KP,"Korea, Dem. People's Rep.",East Asia & Pacific,Low income,39.0319,125.754,654.6199999999999,27.7404678,11.7,71.11666666666667,,63.36,2.0,3617.149999999999,8.090000000000002,0,7,0.9107439413813132,0.9928026960035393,0.7516170763260026,0.6987553391815552,,0.6335999999999999,0.007092198581560283,0.2822289728498196,0.6109771749033985,0.5821433076359483,0.6554580193319163,0.6921977366454098
PRT,PT,Portugal,Europe & Central Asia,High income,38.7072,-9.13552,918.56,12.31571228,4.76,78.49333333333334,0.157,85.19,85.5,720.2666666666664,16.026666666666667,10,8,0.8747562781387968,0.9968086343149765,0.9012505390254419,0.8003949846139714,0.645320197044335,0.8519,0.8530901722391084,0.05619897474843363,0.7474649725156329,0.7671768204663512,0.6467426749152847,0.8704259948756505
PRY,PY,Paraguay,Latin America & Caribbean ,Upper middle income,-25.3005,-57.6362,4334.3533333333335,1.835399711,1.88,65.11333333333333,0.045,100.0,83.0,0.0,24.48,8,8,0.40902004950337556,0.9995304593436816,0.9633462699439413,0.6160382124649795,0.9211822660098522,1.0,0.8277608915906788,0.0,0.7171097686070635,0.7232412153487506,0.5817101017694114,0.8162921375269914
PSE,PS,West Bank and Gaza,"Middle East, North Africa, Afghanistan & Pakistan",Lower middle income,,,2902.48,47.7535301669,,37.27,,39.39,,0.0,21.1,0,5,0.6042529635214844,0.9876051359410285,,0.23239792403435452,,0.39390000000000003,,0.0,0.4436312046993735,,0.4365416198925026,0.43836352728162925
PYF,PF,French Polynesia,East Asia & Pacific,High income,-17.535,-149.57,4751.166666666667,,,83.7,,34.72,,0.0,25.563333333333333,0,4,0.35218842915408854,,,0.8721352133376199,,0.3472,,0.0,,,0.21824710728852212,
QAT,QA,Qatar,"Middle East, North Africa, Afghanistan & Pakistan",High income,25.2948,51.5082,6684.38,431.0344828,0.88,82.30666666666667,0.036,4.02,99.0,0.0,28.416666666666668,13,8,0.08859886176777776,0.888063859568367,0.9849072876239758,0.852937123960869,0.9433497536945813,0.04019999999999999,0.9898682877406282,0.0,0.5984906467945249,0.6534906483294095,0.20739254426722897,0.9180888079620569
ROU,RO,Romania,Europe & Central Asia,High income,44.4479,26.0979,650.2966666666667,7.63130793,3.36,72.77,0.235,46.52,92.0,2585.416666666667,10.916666666666666,60,8,0.9113334187780138,0.998025213393173,0.9314359637774903,0.72153584715014,0.45320197044334976,0.46520000000000006,0.9189463019250254,0.20172773875071204,0.700175806777238,0.7066968436568173,0.581950048059451,0.856215338383656
RUS,RU,Russian Federation,Europe & Central Asia,High income,55.7558,37.6176,175.30666666666664,4.122242749,31.22,51.870000000000005,,18.1,85.0,7581.05,-2.77,251,7,0.9760973051293169,0.9989365470365277,0.3307460112117292,0.4335645064988748,,0.18100000000000002,0.8480243161094225,0.5915131953673819,0.6228402687647504,0.9295253091220825,0.6267607290433835,0.5238298201900765
RWA,RW,Rwanda,Sub-Saharan Africa ,Low income,-1.95325,30.0587,1334.5366666666666,20.1986755,2.66,66.03000000000002,0.076,49.56,38.0,0.0,20.136666666666667,4,8,0.8180387355278073,0.9947613626853093,0.9465286761535144,0.6286685344233686,0.8448275862068966,0.49560000000000004,0.3718338399189463,0.0,0.6375323418644803,0.7408527392116252,0.5112400196426234,0.7691500388177684
SAU,SA,Saudi Arabia,"Middle East, North Africa, Afghanistan & Pakistan",High income,24.6748,46.6977,6134.626666666667,974.1666667,9.67,62.16333333333333,0.069,2.16,99.0,0.0,27.04,36,8,0.16355657119587097,0.7470078784321728,0.7953859422164726,0.5753915399807099,0.8620689655172413,0.0216,0.9898682877406282,0.0,0.519359898135387,0.6431494919494392,0.18859288992560874,0.719579706306938
SDN,SD,Sudan,Sub-Saharan Africa ,Low income,15.5932,32.5363,6407.656666666667,118.6563877,10.41,31.67333333333333,0.038,79.68,28.7,0.0,27.80333333333333,3,8,0.12632950559344513,0.9691910694740473,0.779430789133247,0.155284067422955,0.9384236453201971,0.7968000000000001,0.2776089159067882,0.0,0.505383499106335,0.5220277505331521,0.4581441150134985,0.5080539551776043
SEN,SN,Senegal,Sub-Saharan Africa ,Lower middle income,14.7247,-17.4734,7179.900000000001,16.2764487,4.87,62.56333333333333,,19.78,60.6,0.0,29.26333333333333,3,7,0.021035753144864167,0.9957799978645764,0.8988788270806383,0.580902953198916,,0.1978,0.6008105369807498,0.0,0.47074400975282066,0.23186294726700438,0.2627031502018881,0.7564168241355513
SGP,SG,Singapore,East Asia & Pacific,High income,1.28941,103.85,5890.823333333334,33.25522267,0.67,86.39666666666666,0.269,4.93,92.0,0.0,27.30333333333333,99,8,0.19679864233856637,0.9913704679346229,0.9894351013367831,0.9092913241170255,0.3694581280788177,0.0493,0.9189463019250254,0.0,0.5530749957163552,0.4189249428389713,0.25242382205463787,0.9506190154973801
SLB,SB,Solomon Islands,East Asia & Pacific,Lower middle income,-9.42676,159.949,5429.366666666666,,15.04,78.49666666666667,,9.09,1.3,0.0,26.596666666666664,1,6,0.2597172871859341,,0.6796032772746874,0.8004409130574565,,0.0909,0.0,0.0,0.30511024625301303,0.16527463730013986,0.09901682179648354,0.6565147203166155
SLE,SL,Sierra Leone,Sub-Saharan Africa ,Low income,8.4821,-13.2134,5246.446666666667,0.495794393,4.96,58.656666666666666,0.3,95.23,1.3,0.0,26.316666666666663,1,8,0.2846580440258262,0.9998783660744316,0.8969383354894351,0.5270748174344371,0.2931034482758621,0.9523,0.0,0.0,0.49424412641249904,0.2315268671331771,0.5425972820200515,0.6747400993062419
SLV,SV,El Salvador,Latin America & Caribbean ,Upper middle income,13.7034,-89.2073,5418.406666666667,12.09309202,14.41,65.83,0.221,90.81,77.0,0.0,26.58,3,8,0.26121166010833297,0.9968664506626832,0.6931867184131091,0.6259128278142653,0.48768472906403937,0.9081,0.7669706180344479,0.0,0.5924916255121098,0.46427633272362384,0.5240456221542032,0.7192075119731416
SMR,SM,San Marino,Europe & Central Asia,High income,43.9322,12.4486,1289.56,,0.35,89.41000000000001,,,50.0,900.333333333334,15.533333333333331,1,5,0.8241712093240144,,0.9963346269943941,0.9508106370275112,,,0.49341438703140833,0.07024871843554212,0.666995915762574,0.7038960012176121,0.37181771479093106,0.9157444858378627
SOM,SO,"Somalia, Fed. Rep.",Sub-Saharan Africa ,Low income,2.07515,45.3254,5629.746666666666,24.52774059,24.89,28.73,,20.93,55.2,0.0,26.896666666666665,11,7,0.23239589611017653,0.9936370681916785,0.4672272531263476,0.11472925182565567,,0.20929999999999999,0.5460992907801419,0.0,0.36619839429057144,0.3464698578083457,0.307996592860371,0.4130767286312499
SRB,RS,Serbia,Europe & Central Asia,Upper middle income,44.8024,20.4656,751.1333333333333,5.737631015,1.75,65.13666666666667,0.143,32.06,87.7,2183.9166666666665,12.016666666666667,13,8,0.8975845516017696,0.9985170171623443,0.9661492022423458,0.6163597115693749,0.6798029556650247,0.3206,0.8753799392097265,0.17040060755648379,0.6905992481258837,0.7951419109518258,0.5265204960197679,0.8220116519078953
SSD,SS,South Sudan,Sub-Saharan Africa ,Low income,4.85,31.6,6812.263333333332,4.226075787,4.17,39.35333333333333,,1.79,1.3,0.0,28.703333333333333,1,7,0.07116223854155035,0.9989095807261458,0.9139715394566623,0.2611032012125109,,0.0179,0.0,0.0,0.32329236570526704,0.045285060890077486,0.21938436385353924,0.574167756403758
STP,ST,Sao Tome and Principe,Sub-Saharan Africa ,Lower middle income,0.20618,6.6071,5079.57,1.876146789,0.61,75.01333333333334,,,61.5,0.0,26.066666666666663,0,6,0.3074113261468904,0.9995198769859497,0.9907287623975851,0.7524456896155789,,,0.6099290780141844,0.0,0.6100057888600313,0.4174177813713609,0.3734089151808115,0.8586542320346973
SUR,SR,Suriname,Latin America & Caribbean ,Upper middle income,5.8232,-55.1679,5054.443333333334,3.950609365,6.21,71.73333333333333,,52.86,78.4,0.0,26.026666666666667,1,7,0.310837294239665,0.9989811216651237,0.869987063389392,0.7072521012262893,,0.5286,0.7811550151975685,0.0,0.5995446565311484,0.48186192004253897,0.4205436831809577,0.8153589824463283
SVK,SK,Slovak Republic,Europe & Central Asia,High income,48.1484,17.1073,407.2633333333333,2.425230293,1.11,75.85666666666667,0.305,24.05,92.0,3062.3500000000004,9.61,13,8,0.944470502042037,0.9993772753970946,0.9799482535575679,0.7640655858172966,0.28078817733990147,0.24050000000000002,0.9189463019250254,0.23894057338143163,0.6708795836825443,0.6407086159026737,0.5326017275022559,0.8904093445741341
SVN,SI,Slovenia,Europe & Central Asia,High income,46.0546,14.5044,483.6933333333333,5.591615957,2.22,79.30333333333333,0.19,41.12,92.0,2559.866666666667,10.986666666666666,21,8,0.9340494324746142,0.9985549384969243,0.9560155239327296,0.8115555963808384,0.5640394088669951,0.41119999999999995,0.9189463019250254,0.19973419403835205,0.7242619245144348,0.7645242957412679,0.5698011324058133,0.9009055428958319
SWE,SE,Sweden,Europe & Central Asia,High income,59.3327,18.0645,50.26333333333333,3.582972583,3.38,79.12666666666667,,69.36,96.0,5099.049999999999,4.03,95,7,0.9931467003355067,0.9990766000192407,0.9310047434238896,0.8091213888761308,,0.6936,0.9594731509625126,0.3978545661666983,0.8261824499691398,0.9809017732907813,0.725881029920959,0.895309020847951
SWZ,SZ,Eswatini,Sub-Saharan Africa ,Lower middle income,-26.5225,31.4659,1690.1966666666667,77.55991285,1.76,55.30666666666667,,96.73,32.0,0.0,19.8,2,7,0.769545243412806,0.9798641684967946,0.9659335920655455,0.48091673173196164,,0.9673,0.3110435663627153,0.0,0.6392290431528319,0.6028173608491365,0.6400718823819201,0.7085274318265163
SXM,SX,Sint Maarten (Dutch part),Latin America & Caribbean ,High income,,,5327.583333333333,,,,,,,0.0,26.44333333333333,0,2,0.27359523036885747,,,,,,,0.0,,,0.10943809214754299,
SYC,SC,Seychelles,Sub-Saharan Africa ,High income,-4.6309,55.4466,5296.533333333333,,2.68,81.14333333333333,,15.88,87.4,0.0,26.39333333333333,1,6,0.27782883248934,,0.9460974557999138,0.8369080971845863,,0.1588,0.8723404255319149,0.0,0.5153291351676258,0.49401486632300357,0.129007208122335,0.8860369305376422
SYR,SY,Syrian Arab Republic,"Middle East, North Africa, Afghanistan & Pakistan",Low income,33.5146,36.3119,3164.4466666666667,124.3601389,12.65,24.646666666666665,0.047,3.53,1.3,0.0,20.19,2,8,0.5685343601238766,0.9677097574739084,0.7311341095299698,0.05846690855646904,0.916256157635468,0.0353,0.0,0.0,0.4096751616649615,0.6113022969793174,0.31783882351955706,0.4244401653791633
TCA,TC,Turks and Caicos Islands,Latin America & Caribbean ,High income,21.4602778,-71.141389,5357.293333333334,,,,,3.7,,0.0,26.49,0,3,0.26954433442684333,,,,,0.037000000000000005,,0.0,,,0.08126108360671083,
TCD,TD,Chad,Sub-Saharan Africa ,Low income,12.1048,15.0445,6360.920000000001,4.294921875,2.91,36.78666666666667,,5.4,13.0,0.0,27.75333333333333,2,7,0.1327019516837601,0.998891700819968,0.9411384217335058,0.22573829972902223,,0.054000000000000006,0.11854103343465044,0.0,0.35300162962870096,0.12755252686590202,0.24251873050074563,0.5813816259647961
TGO,TG,Togo,Sub-Saharan Africa ,Low income,6.1228,1.2255,5983.453333333334,3.391634981,1.45,51.72666666666667,0.18,29.58,1.3,0.0,27.44,1,8,0.18416873688219626,0.9991262919984281,0.9726175075463562,0.43158958342901754,0.5886699507389163,0.2958,0.0,0.0,0.4339965088243643,0.329360535741281,0.3253990057761249,0.6629209048125959
THA,TH,Thailand,East Asia & Pacific,Upper middle income,13.7308,100.521,5464.016666666667,23.01393518,20.03,56.27,0.128,14.83,,0.0,26.64333333333333,0,7,0.2549928326456854,0.9940302161466084,0.5720137990513152,0.4941900518991411,0.7167487684729064,0.1483,,0.0,0.45432509545937944,0.5147305465484971,0.2942946097584588,0.6077615364995645
TJK,TJ,Tajikistan,Europe & Central Asia,Lower middle income,38.5878,68.7864,598.25,69.94326428,2.9,60.25,,94.59,56.8,6056.566666666667,1.4066666666666665,1,7,0.9184298721874838,0.98184227597939,0.9413540319103062,0.5490286134202911,,0.9459000000000001,0.5623100303951367,0.4725650275299032,0.7673471216317872,0.7889317478993575,0.8055939378923458,0.7525927009731457
TKM,TM,Turkmenistan,Europe & Central Asia,Upper middle income,37.9509,58.3794,3118.863333333333,135.2138073,1.27,69.67,,0.03,34.9,9.733333333333558,17.973333333333333,1,7,0.574749551642674,0.9648909688061192,0.9764984907287624,0.6788223947090433,,0.0003,0.3404255319148936,0.0007594456047085804,0.505206626200886,0.48954081719620834,0.3082459377711712,0.7920796281510913
TLS,TL,Timor-Leste,East Asia & Pacific,Lower middle income,-8.56667,125.567,4342.706666666666,28.26821032,7.25,73.78666666666668,,0.0,1.3,0.0,24.94333333333333,1,7,0.40788109009232576,0.9926656368471267,0.8475636050021561,0.7355440224130805,,0.0,0.0,0.0,0.4262363363363842,0.25956069369511636,0.2801093453878905,0.7397647162430558
TON,TO,Tonga,East Asia & Pacific,Upper middle income,-21.136,-175.216,4505.75,,3.67,87.83,,14.29,58.5,0.0,25.19333333333333,1,6,0.38565047489971616,,0.9247520482966796,0.9290405548155972,,0.1429,0.5795339412360689,0.0,0.493646169874677,0.4561535535674808,0.15000011872492905,0.8861562740631572
TTO,TT,Trinidad and Tobago,Latin America & Caribbean ,High income,10.6596,-61.4789,5334.4,20.32648126,3.03,71.87,,0.1,84.7,0.0,26.450000000000003,5,7,0.2726657922221708,0.994728170458065,0.9385510996119018,0.7091351674091765,,0.001,0.844984802431611,0.0,0.5372950045904179,0.4807817959346945,0.2537787925360472,0.845854657639707
TUN,TN,Tunisia,"Middle East, North Africa, Afghanistan & Pakistan",Lower middle income,36.7899,10.21,3355.263333333334,98.11339918,7.67,52.0,0.115,4.4,66.8,0.0,21.386666666666667,6,8,0.542516909411368,0.9745262558007919,0.8385079775765416,0.4353557157947917,0.7487684729064039,0.044000000000000004,0.6636271529888551,0.0,0.530912810559844,0.6595521616996316,0.316608633042432,0.6801617321387105
TUR,TR,Turkiye,Europe & Central Asia,Upper middle income,39.7153,32.3606,1020.32,47.88653346,14.62,50.00666666666667,,45.61,82.0,1961.266666666666,12.626666666666669,32,7,0.8608815164067422,0.9875705938708682,0.6886589047003019,0.4078905065907316,,0.4561,0.817629179331307,0.15302828934877535,0.6245369986069609,0.8451533938338566,0.5524289088601547,0.6340853262951593
TUV,TV,Tuvalu,East Asia & Pacific,Upper middle income,-8.6314877,179.089567,6098.236666666667,,1.47,91.03666666666668,,,1.3,0.0,27.616666666666664,1,5,0.16851827107233985,,0.9721862871927555,0.9732237174482158,,,0.0,0.0,0.42278565514266225,0.10723889977330715,0.06740730842893594,0.8582996323491184
TZA,TZ,Tanzania,Sub-Saharan Africa ,Lower middle income,-6.17486,35.7382,3154.5399999999995,12.96324081,16.11,59.586666666666666,0.094,32.91,1.3,0.0,23.066666666666663,3,8,0.569885113264196,0.9966404657276227,0.6565329883570505,0.5398888531667662,0.8004926108374384,0.32909999999999995,0.0,0.0,0.48656750391913417,0.5596814645193159,0.4120351157983637,0.5952381570508175
UGA,UG,Uganda,Sub-Saharan Africa ,Low income,0.314269,32.5729,3528.626666666667,5.82799634,2.81,47.99,0.118,97.08,28.0,0.0,23.686666666666667,6,8,0.5188791839487623,0.9984935485299259,0.9432945235015093,0.3801037982822762,0.7413793103448276,0.9708,0.270516717325228,0.0,0.6029333852415661,0.5693317475022849,0.5947145464957377,0.6590203065504504
UKR,UA,Ukraine,Europe & Central Asia,Upper middle income,50.4536,30.5038,619.7466666666667,6.298134232,4.34,54.34333333333333,0.149,,82.4,2906.616666666666,10.036666666666669,55,7,0.9154988469513066,0.9983714497782938,0.9103061664510566,0.46764341156478195,0.6650246305418719,,0.8216818642350557,0.22678944370609452,0.7150451161754944,0.7840220530238108,0.6440155606539264,0.7375884267740322
URY,UY,Uruguay,Latin America & Caribbean ,High income,-34.8941,-56.0675,1358.9266666666665,12.05201437,5.21,87.31666666666666,0.124,98.88,90.9,126.53333333333366,17.653333333333332,9,8,0.8147132103838921,0.9968771188727346,0.8915480810694265,0.9219675745188992,0.7266009852216748,0.9887999999999999,0.9078014184397164,0.009872792861211342,0.7822726476709443,0.7936803506720591,0.6619199037096887,0.9211405678567408
USA,US,United States,North America,High income,38.8895,-77.032,1206.66,28.15525982,23.09,63.330000000000005,0.148,24.07,92.0,2828.75,10.25,5426,8,0.8354744497680722,0.99269497103882,0.5060370849504097,0.5914664952004777,0.6674876847290641,0.2407,0.9189463019250254,0.22071387886842608,0.6216901083100368,0.7765747759319093,0.5040580478219062,0.65449845366116
UZB,UZ,Uzbekistan,Europe & Central Asia,Lower middle income,41.3052,69.269,2337.373333333333,123.0283912,1.42,62.99333333333333,0.067,15.95,98.0,1198.416666666666,14.716666666666669,3,8,0.6813040676212838,0.9680556235153948,0.9732643380767573,0.5868277224084875,0.8669950738916256,0.1595,0.9797365754812564,0.09350674007974176,0.6636487676343183,0.8245515220149321,0.4057739602512582,0.8185556083656949
VCT,VC,St. Vincent and the Grenadines,Latin America & Caribbean ,Upper middle income,13.2035,-61.2653,5447.43,7.9,2.72,83.69333333333333,,13.33,77.7,0.0,26.62333333333333,1,7,0.25725438972045955,0.9979554318101976,0.9452350150927123,0.8720433564506497,,0.1333,0.7740628166160082,0.0,0.5685501442414325,0.4451847267733863,0.29103196430613143,0.9067491942958397
VEN,VE,"Venezuela, RB",Latin America & Caribbean ,Not classified,9.08165,-69.8371,4764.543333333334,7.540366667,22.12,43.28666666666667,0.081,91.13,44.0,0.0,25.546666666666667,6,8,0.35036454882027246,0.9980488316015179,0.5269512721000431,0.31529876452487027,0.8325123152709359,0.9113,0.4326241134751773,0.0,0.5458874807241021,0.583782956654052,0.543072676084358,0.5035221871327087
VGB,VG,British Virgin Islands,Latin America & Caribbean ,High income,18.431389,-64.623056,5345.486666666667,,,,,,,0.0,26.47,0,2,0.2711541485664837,,,,,,,0.0,,,0.10846165942659347,
VIR,VI,Virgin Islands (U.S.),Latin America & Caribbean ,High income,18.3358,-64.8963,5419.87,,,82.56333333333333,,,,0.0,26.58666666666667,0,3,0.26101213768955767,,,0.8564736141092177,,,,0.0,,,0.10440485507582307,
VNM,VN,Viet Nam,East Asia & Pacific,Lower middle income,21.0069,105.825,4121.786666666667,18.13031538,25.92,67.14,0.078,42.28,80.7,0.0,24.243333333333336,32,8,0.43800306691863755,0.9952985331471563,0.44501940491591196,0.6439627061038901,0.8399014778325122,0.4228,0.8044579533941236,0.0,0.5736803927890289,0.6921483291249784,0.41350032001315884,0.6430824494736109
VUT,VU,Vanuatu,East Asia & Pacific,Lower middle income,-17.7404,168.321,4698.576666666667,,11.67,82.42999999999999,,,35.0,0.0,25.486666666666668,2,5,0.3593589649195047,,0.7522639068564037,0.8546364763698157,,,0.3414387031408308,0.0,0.46153961025731094,0.352842506090896,0.14374358596780187,0.7521068567785302
WSM,WS,Samoa,East Asia & Pacific,Upper middle income,-13.8314,-171.752,4727.75,,3.1,87.05666666666667,,43.75,75.0,0.0,25.53,2,6,0.3553812423474745,,0.9370418283742993,0.9183851559270655,,0.4375,0.7467071935157041,0.0,0.5658359033607573,0.4976815882268307,0.2529078105868686,0.9058699078275312
XKX,XK,Kosovo,Europe & Central Asia,Upper middle income,42.565,20.926,,,,62.97,,8.57,,,,0,2,,,,0.5865062233040922,,0.0857,,,,,,
YEM,YE,"Yemen, Rep.","Middle East, North Africa, Afghanistan & Pakistan",Low income,15.352,44.2075,5202.766666666666,169.7619048,24.83,20.40333333333333,,11.24,1.3,0.0,26.12333333333333,1,7,0.29061372005232133,0.9559185382750118,0.4685209141871497,0.0,,0.1124,0.0,0.0,0.2610647389306404,0.18493600366965898,0.28302645166546664,0.3073701007067542
ZAF,ZA,South Africa,Sub-Saharan Africa ,Upper middle income,-25.746,28.1871,1421.8466666666664,67.59526097,9.5,54.84333333333333,0.1,12.5,72.0,0.0,18.03333333333333,61,8,0.806134200869536,0.9824520721218776,0.7990513152220785,0.47453267808753946,0.7857142857142857,0.125,0.7163120567375887,0.0,0.5861495760941132,0.7789808102232839,0.3952172545982827,0.6884800480547838
ZMB,ZM,Zambia,Sub-Saharan Africa ,Lower middle income,-15.3982,28.2937,2679.813333333333,2.835497836,2.94,65.51333333333334,0.037,87.48,33.0,0.0,22.246666666666663,2,8,0.6346130946699791,0.9992707254769801,0.9404915912031048,0.6215496256831855,0.9408866995073891,0.8748,0.3211752786220871,0.0,0.6665983768953407,0.7097486536372352,0.5892167640293918,0.7598000438781166
ZWE,ZW,Zimbabwe,Sub-Saharan Africa ,Lower middle income,-17.8312,31.0672,2632.26,46.09162031,2.38,49.71333333333334,,57.12,1.3,0.0,21.83333333333333,2,7,0.6410968915407039,0.9880367478623506,0.9525657611039241,0.40384880356404723,,0.5711999999999999,0.0,0.0,0.5081068862958608,0.40797074916226606,0.4971867278806109,0.6431430499913449
